year,setting,beneficiaries,member_years,claims,unique_beneficiaries,admissions,ed_proxy_visits,outpatient_visits,carrier_service_lines,payment_source_field,payment_amount,payment_per_claim
2008,carrier,116352,107296.75,1715402,85294,,,,3357362,LINE_NCH_PMT_AMT_1..13 (sum of lines),146791920.0,85.57289778139469
2008,inpatient,116352,107296.75,27680,15864,26262,,,,CLM_PMT_AMT (sum of segments),258061880.0,9323.04479768786
2008,outpatient,116352,107296.75,282896,59661,,22494,282896,,CLM_PMT_AMT (sum of segments),78421870.0,277.21095384876423
2009,carrier,114538,106352.16666666667,1862973,91590,,,,3709584,LINE_NCH_PMT_AMT_1..13 (sum of lines),165209480.0,88.68055522007029
2009,inpatient,114538,106352.16666666667,25230,18831,24710,,,,CLM_PMT_AMT (sum of segments),245440970.0,9728.13991280222
2009,outpatient,114538,106352.16666666667,322358,72089,,26334,322358,,CLM_PMT_AMT (sum of segments),94151050.0,292.06984160467556
2010,carrier,112754,104407.41666666667,1162960,85853,,,,2321734,LINE_NCH_PMT_AMT_1..13 (sum of lines),102602290.0,88.22512382197152
2010,inpatient,112754,104407.41666666667,13569,11712,13387,,,,CLM_PMT_AMT (sum of segments),132894330.0,9793.966393986293
2010,outpatient,112754,104407.41666666667,173971,54670,,13753,173971,,CLM_PMT_AMT (sum of segments),51215440.0,294.3906743077869
