year_month,year,setting,members,claims,unique_beneficiaries,admissions,ed_proxy_visits,outpatient_visits,carrier_service_lines,claims_per_1000_members
2008-01,2008,carrier,111058,65385,28267,,,,127405,588.7464207891372
2008-01,2008,inpatient,111058,1533,1371,1454,,,,13.803598119901313
2008-01,2008,outpatient,111058,10256,8181,,796,10256,,92.34814241207297
2008-02,2008,carrier,110398,102838,41621,,,,200157,931.5204985597566
2008-02,2008,inpatient,110398,1805,1594,1680,,,,16.34993387561369
2008-02,2008,outpatient,110398,15383,11941,,1238,15383,,139.34129241471766
2008-03,2008,carrier,109809,135921,52408,,,,264760,1237.7947162800863
2008-03,2008,inpatient,109809,2300,2076,2161,,,,20.94545984391079
2008-03,2008,outpatient,109809,21051,16046,,1707,21051,,191.70559790181133
2008-04,2008,carrier,109187,146516,56501,,,,285042,1341.881359502505
2008-04,2008,inpatient,109187,2320,2082,2196,,,,21.247950763369264
2008-04,2008,outpatient,109187,23164,17534,,1852,23164,,212.14979805288175
2008-05,2008,carrier,108578,154711,58937,,,,302802,1424.8834938937907
2008-05,2008,inpatient,108578,2585,2268,2420,,,,23.80776952973899
2008-05,2008,outpatient,108578,24918,18786,,1924,24918,,229.49400431026544
2008-06,2008,carrier,107859,152202,59323,,,,297309,1411.1200734291992
2008-06,2008,inpatient,107859,2455,2194,2303,,,,22.761197489314753
2008-06,2008,outpatient,107859,25063,19105,,1961,25063,,232.36818438887806
2008-07,2008,carrier,107171,159898,61091,,,,314742,1491.9894374410987
2008-07,2008,inpatient,107171,2467,2233,2342,,,,23.019286933965343
2008-07,2008,outpatient,107171,26414,19968,,2024,26414,,246.4659282828377
2008-08,2008,carrier,106412,160504,61934,,,,313086,1508.3261286321092
2008-08,2008,inpatient,106412,2586,2330,2469,,,,24.30177047701387
2008-08,2008,outpatient,106412,27203,20675,,2151,27203,,255.63846182761344
2008-09,2008,carrier,105655,157037,62000,,,,307921,1486.3186787184704
2008-09,2008,inpatient,105655,2454,2257,2347,,,,23.226539207798968
2008-09,2008,outpatient,105655,26418,20264,,2170,26418,,250.0402252614642
2008-10,2008,carrier,104778,161664,62798,,,,317590,1542.9193151234037
2008-10,2008,inpatient,104778,2506,2290,2397,,,,23.917234533967054
2008-10,2008,outpatient,104778,27482,20935,,2151,27482,,262.28788486132584
2008-11,2008,carrier,103848,156810,62327,,,,306947,1509.9953778599493
2008-11,2008,inpatient,103848,2341,2161,2241,,,,22.54256220630152
2008-11,2008,outpatient,103848,27104,20973,,2165,27104,,260.99684153763195
2008-12,2008,carrier,102808,161916,63155,,,,319601,1574.9358026612715
2008-12,2008,inpatient,102808,2328,2168,2252,,,,22.644152206054002
2008-12,2008,outpatient,102808,28440,21752,,2355,28440,,276.6321687028247
2009-01,2009,carrier,107297,161275,63349,,,,319707,1503.070915309841
2009-01,2009,inpatient,107297,2331,2188,2262,,,,21.724745333047522
2009-01,2009,outpatient,107297,28633,21895,,2283,28633,,266.8574144663877
2009-02,2009,carrier,107105,145547,61029,,,,286995,1358.9188179823539
2009-02,2009,inpatient,107105,2014,1912,1963,,,,18.80397740534989
2009-02,2009,outpatient,107105,25970,20417,,2157,25970,,242.47234022688016
2009-03,2009,carrier,106934,160601,63440,,,,318757,1501.8703125292236
2009-03,2009,inpatient,106934,2216,2121,2172,,,,20.723062823797857
2009-03,2009,outpatient,106934,28509,22038,,2346,28509,,266.6036994781828
2009-04,2009,carrier,106774,155798,63019,,,,309709,1459.1379923951524
2009-04,2009,inpatient,106774,2184,2086,2135,,,,20.454417742146966
2009-04,2009,outpatient,106774,27813,21541,,2283,27813,,260.48476220802814
2009-05,2009,carrier,106609,160508,63642,,,,319934,1505.5764522695083
2009-05,2009,inpatient,106609,2215,2120,2171,,,,20.776857488579765
2009-05,2009,outpatient,106609,28405,22063,,2291,28405,,266.4409196221707
2009-06,2009,carrier,106440,154693,62880,,,,308630,1453.3352123261932
2009-06,2009,inpatient,106440,2117,2030,2073,,,,19.889139421270198
2009-06,2009,outpatient,106440,27392,21435,,2210,27392,,257.3468620819241
2009-07,2009,carrier,106267,159153,63623,,,,317537,1497.6709608815531
2009-07,2009,inpatient,106267,2086,2010,2046,,,,19.629800408405245
2009-07,2009,outpatient,106267,27717,21515,,2324,27717,,260.824150488863
2009-08,2009,carrier,106107,157974,63525,,,,315047,1488.817891373802
2009-08,2009,inpatient,106107,2138,2046,2106,,,,20.149471759638857
2009-08,2009,outpatient,106107,27641,21434,,2232,27641,,260.5011921927865
2009-09,2009,carrier,105940,151797,62562,,,,302746,1432.8582216348877
2009-09,2009,inpatient,105940,2126,2023,2076,,,,20.067962997923352
2009-09,2009,outpatient,105940,26050,20497,,2172,26050,,245.89390220879744
2009-10,2009,carrier,105765,155679,63145,,,,310929,1471.9330591405474
2009-10,2009,inpatient,105765,2006,1937,1974,,,,18.96657684489198
2009-10,2009,outpatient,105765,26016,20352,,2117,26016,,245.97929371720323
2009-11,2009,carrier,105585,148836,62043,,,,298162,1409.6320500071033
2009-11,2009,inpatient,105585,1901,1836,1867,,,,18.004451389875456
2009-11,2009,outpatient,105585,24322,19196,,2016,24322,,230.35469053369323
2009-12,2009,carrier,105403,151112,62237,,,,301431,1433.6593835090082
2009-12,2009,inpatient,105403,1896,1834,1865,,,,17.988102805422997
2009-12,2009,outpatient,105403,23890,18910,,1903,23890,,226.6538903067275
2010-01,2010,carrier,106435,148270,61170,,,,296713,1393.056795227134
2010-01,2010,inpatient,106435,1786,1720,1761,,,,16.780194484896885
2010-01,2010,outpatient,106435,22594,17890,,1740,22594,,212.2797951801569
2010-02,2010,carrier,106126,129653,57454,,,,258106,1221.6893127037672
2010-02,2010,inpatient,106126,1533,1495,1502,,,,14.445093568022916
2010-02,2010,outpatient,106126,19264,15625,,1600,19264,,181.52007990501858
2010-03,2010,carrier,105875,137200,57821,,,,273465,1295.8677685950413
2010-03,2010,inpatient,105875,1553,1509,1532,,,,14.668240850059032
2010-03,2010,outpatient,105875,20157,16106,,1627,20157,,190.3848878394333
2010-04,2010,carrier,105570,125580,54545,,,,251058,1189.5424836601308
2010-04,2010,inpatient,105570,1481,1430,1458,,,,14.028606611726817
2010-04,2010,outpatient,105570,18017,14553,,1428,18017,,170.66401439802974
2010-05,2010,carrier,105215,120031,52078,,,,240285,1140.8164235137576
2010-05,2010,inpatient,105215,1445,1401,1423,,,,13.73378320581666
2010-05,2010,outpatient,105215,17193,13839,,1363,17193,,163.40825927861997
2010-06,2010,carrier,104821,105292,47468,,,,210614,1004.4933744192481
2010-06,2010,inpatient,104821,1312,1276,1291,,,,12.516575876971217
2010-06,2010,outpatient,104821,15097,12356,,1153,15097,,144.02648324286164
2010-07,2010,carrier,104410,97062,43691,,,,193821,929.6235992721004
2010-07,2010,inpatient,104410,1199,1169,1187,,,,11.483574370271047
2010-07,2010,outpatient,104410,14193,11504,,1091,14193,,135.9352552437506
2010-08,2010,carrier,103979,84096,38789,,,,168472,808.7786956981698
2010-08,2010,inpatient,103979,1068,1051,1058,,,,10.271304782696506
2010-08,2010,outpatient,103979,12443,10159,,955,12443,,119.66839457967474
2010-09,2010,carrier,103499,69568,33382,,,,138620,672.161083681968
2010-09,2010,inpatient,103499,912,901,907,,,,8.811679339897005
2010-09,2010,outpatient,103499,10733,8916,,809,10733,,103.70148503850278
2010-10,2010,carrier,102973,60347,29079,,,,120455,586.0468278092316
2010-10,2010,inpatient,102973,627,619,622,,,,6.088974779796645
2010-10,2010,outpatient,102973,9461,7850,,732,9461,,91.87845357520904
2010-11,2010,carrier,102369,47079,23852,,,,93260,459.8950854262521
2010-11,2010,inpatient,102369,396,385,390,,,,3.868358585118542
2010-11,2010,outpatient,102369,8007,6678,,677,8007,,78.21703836122263
2010-12,2010,carrier,101617,38782,19818,,,,76865,381.64873987620183
2010-12,2010,inpatient,101617,257,257,256,,,,2.5291043821407837
2010-12,2010,outpatient,101617,6812,5763,,578,6812,,67.03602743635415
